,customer_id,first_name,last_name,age,gender,city,state,income_bracket,occupation,customer_since,total_spend_usd,purchase_frequency_per_year,preferred_contact,email,phone,favorite_activities,outdoors_freq_per_month,gear_ownership,eco_priority,budget_per_purchase,travels_for_outdoor,dog_owner,social_platforms,heard_about_radius,nps_score,satisfaction_score,shopping_preference
32,RS-65057,William,Brown,22.0,Non-binary,Boulder,CO,$150k+,Firefighter,"Aug 22, 2022",1330.49,3.0,phone call,wbrown@yahoo.com,,Cycling,3+ times per week,Rent,No,under 50,No,NO,YouTube,Trade Show,6.0,5.0,Both
33,RS-30070,Anthony,Rivera,-1.0,Non-binary,Eugene,OR,$50k-$75k,Electrician,5/27/2018,523.1,16.0,Email,,(313) 955-9095,SUP,3-4x/month,Rents,no,$300-$500,yes,Y,None|Instagram,Friend/Family Referral,1.0,3.0,ONLINE
34,RS-41808,rachel,NELSON,47.0,Male,OGDEN,Utah,$50k-$75k,Data Analyst,3/11/2023,1039.74,14.0,text,rachel75@yahoo.com,,SUP|Fishing|Hiking|Snowboarding,3-4x/month,Owns,Yes,$150-$300,Yes,Y,None|Pinterest,Google Search,5.0,4.0,online
38,RS-69796,Carol,Harris,39.0,Prefer not to say,Boise,ID,$50k-$75k,Surveyor,"Sep 17, 2019",534.26,14.0,e-mail,charris@hotmail.com,(395) 833-6536,Hiking|Backpacking|SUP|Mountain Biking,3-4x/month,Own,YES,$150-$300,yes,Yes,Instagram|Twitter/X|YouTube,Trade Show,3.0,2.0,Both
43,RS-20793,Jennifer,Green,49.0,Non-binary,Portland,me,$50k-$75k,Nutritionist,12/10/2018,530.28,17.0,phone call,jennifer31@hotmail.com,(516) 782-6351,Fishing|Surfing|Hunting|Hiking,3-4x/month,Owns,No,$150-$300,Yes,NO,TikTok,Friend/Family Referral,6.0,5.0,online
45,RS-69840,Benjamin,Carter,58.0,Non-binary,Chattanooga,TN,$50k-$75k,Software Engineer,,1064.46,100.0,PHONE,benjamin77@outlook.com,(207) 661-7121,Skiing|Rock Climbing|Fishing|Backpacking,3+ times per week,RENTS,yes,$500+,Yes,YES,YouTube|Twitter/X|Reddit,In-Store Display,9.0,4.0,online
46,RS-96223,Frank,Jackson,29.0,Prefer not to say,SALT LAKE CITY,UT,$75k-$100k,Photographer,12/11/2019,2275.59,15.0,PHONE,frank28@outlook.com,(316) 453-8043,Trail Running|Backpacking|Kayaking|Hiking,Daily,RENTS,Yes,<$50,No,Y,TikTok,In-Store Display,2.0,,IN-STORE
51,RS-46040,David,Hernandez,24.0,Male,Ogden,ut,$50k-$75k,Police Officer,01/14/2022,670.37,15.0,Text,hernandezd@aol.com,(821) 975-1515,Cycling|Snowboarding|Mountain Biking,1-2x/month,Both,NO,$500+,Yes,no,Instagram|Twitter/X|None,Email Campaign,3.0,3.0,In-Store
54,RS-56316,Elizabeth,Jones,46.0,Female,Portland,OR,$75k-$100k,Contractor,"Oct 11, 2023",1377.77,2.0,phone call,,(916) 940-1130,Kayaking,3+ times per week,Both,N,$50-$150,No,YES,Facebook|TikTok,Trade Show,9.0,4.0,In-Store
59,RS-50760,Frank,Davis,32.0,Female,Chattanooga,tn,$100k-$150k,Police Officer,"Sep 15, 2016",232.19,19.0,Text,fdavis129@hotmail.com,(934) 697-9008,SUP|Hiking|Snowboarding|Fishing,3+ times per week,Own,Yes,300-500,Y,Y,Instagram|YouTube|TikTok,Social Media,10.0,4.0,ONLINE
68,RS-72613,Barbara,Thomas,38.0,Non-binary,Eugene,Oregon,$100k-$150k,,6/24/2022,1264.54,3.0,Text,bthomas403@aol.com,(639) 422-3290,Rock Climbing,Rarely,Owns,no,$300-$500,no,no,Reddit|TikTok|Pinterest,Social Media,4.0,1.0,online
73,RS-72504,Janet,Johnson,24.0,Male,Asheville,NC,<$30k,Pharmacist,11/13/2022,1919.85,8.0,phone,jjohnson@aol.com,(200) 184-3215,SUP|Hunting|Mountain Biking,1-2 times a month,Owns,Yes,$150-$300,N,YES,Instagram|None|TikTok,Friend/Family Referral,3.0,3.0,in-store
74,RS-92253,Frank,Garcia,,Prefer not to say,Las Vegas,Nevada,<$30k,Chef,4/12/2022,1089.13,7.0,Text,frank90@yahoo.com,(734) 717-3855,Hunting|Snowboarding|Surfing,Daily,OWNS,yes,$150-$300,No,YES,Facebook|Twitter/X,Online Ad,8.0,1.0,Online only
82,RS-24475,Janet,Brown,25.0,Male,FAIRBANKS,ak,$30k-$50k,Flight Attendant,"Oct 8, 2023",2454.48,13.0,email,jbrown207@icloud.com,(569) 565-2605,Hunting|Skiing|Camping|Surfing,1-2x/month,RENTS,Sometimes,300-500,No,NO,Pinterest,Email Campaign,9.0,4.0,in-store
88,RS-52348,Melissa,Nguyen,25.0,Female,Denver,CO,$150k+,Plumber,"Feb 27, 2021",831.08,6.0,Phone,melissa_nguyen@outlook.com,(257) 563-7760,Rock Climbing|Camping|Backpacking|Hiking,1-2x/month,Rent,No,300-500,no,N,TikTok,Friend/Family Referral,9.0,5.0,in-store
90,RS-66207,Donna,Nguyen,66.0,Female,Flagstaff,AZ,<$30k,Retail Manager,"Apr 10, 2015",2077.79,19.0,email,dnguyen673@yahoo.com,(472) 946-3330,SUP|Kayaking,Rarely,Own,No,300-500,Y,Y,Reddit|TikTok|Twitter/X,Email Campaign,2.0,4.0,ONLINE
91,RS-91539,Larry,Hill,27.0,Male,Albuquerque,NM,$75k-$100k,HR Manager,07/08/2019,2960.16,9.0,Text,lhill241@aol.com,(366) 633-4857,Fishing,3-4x/month,Rent,YES,<$50,yes,yes,YouTube|Facebook|Twitter/X,Email Campaign,10.0,2.0,Both
94,RS-67571,Kathleen,Moore,61.0,Female,Tacoma,WA,$50k-$75k,Teacher,,2551.8,7.0,text,kmoore@hotmail.com,(588) 420-5179,Fishing|Kayaking|Camping|Snowboarding,Rarely,Both,Yes,$150-$300,Y,yes,YouTube,In-Store Display,2.0,1.0,Online
95,RS-31605,Steven,Anderson,62.0,Prefer not to say,Idaho Falls,Idaho,,Contractor,08/15/2022,2155.07,9.0,Text,sanderson191@gmail.com,(747) 859-7403,Backpacking,Rarely,Both,YES,under 50,No,no,Instagram|Pinterest|Twitter/X,Outdoor Magazine,1.0,5.0,In-Store
104,RS-75211,Melissa,Wright,45.0,Female,CONCORD,NH,$50k-$75k,Sales Representative,06/15/2022,1863.81,2.0,phone call,mwright705@aol.com,(231) 246-8179,Rock Climbing,1-2 times a month,OWNS,N,<$50,no,yes,None|TikTok|Reddit,Trade Show,10.0,3.0,IN-STORE
123,RS-77668,Ronald,Young,23.0,Non-binary,Fairbanks,AK,$30k-$50k,Project Manager,2017-11-26,2762.59,8.0,PHONE,ronald90@outlook.com,(595) 987-9721,Hunting|Backpacking|Fishing,1-2 times a month,rents,NO,$150-$300,Sometimes,yes,YouTube,Email Campaign,5.0,3.0,Online
129,RS-35712,Jonathan,Flores,53.0,Prefer not to say,Idaho Falls,ID,$75k-$100k,Construction Manager,"Jun 7, 2020",734.5,18.0,Email,floresj@gmail.com,,Kayaking|Hiking,1-2 times a month,OWNS,yes,$500+,No,YES,Facebook|Pinterest,Friend/Family Referral,9.0,3.0,online
132,RS-78084,Emily,Baker,38.0,Non-binary,Concord,NH,,,3/20/2018,2200.86,9.0,Text,ebaker@outlook.com,(911) 246-9780,Backpacking|Surfing|Hunting,Daily,OWNS,NO,$150-$300,yes,yes,Reddit|YouTube,Social Media,4.0,1.0,Online only
133,RS-58994,Jeffrey,Smith,,Prefer not to say,Chattanooga,TN,$100k-$150k,Retail Manager,2016-03-17,2384.82,17.0,EMAIL,jeffrey82@aol.com,,Rock Climbing|Surfing|Camping,Rarely,Rents,N,$50-$150,Sometimes,YES,,Email Campaign,3.0,5.0,Online only
137,RS-12758,Donna,Lopez,30.0,Male,Anchorage,ak,$150k+,Software Engineer,07/01/2021,1951.22,3.0,phone call,dlopez@gmail.com,(546) 973-2392,SUP|Mountain Biking|Snowboarding|Fishing,Rarely,OWNS,YES,$150-$300,No,Yes,Twitter/X|Pinterest|None,Friend/Family Referral,,,Online only
147,RS-84606,Lisa,Moore,62.0,Female,Reno,nv,<$30k,Flight Attendant,11/24/2023,89.21,,Phone,lisa80@yahoo.com,,Kayaking|Rock Climbing|Fishing|Skiing,Daily,Owns,yes,300-500,Y,N,Twitter/X,Online Ad,1.0,4.0,in-store
149,RS-88660,Mary,Adams,26.0,Female,Salt Lake City,UT,$30k-$50k,Lawyer,2019-11-23,2573.75,13.0,email,madams215@hotmail.com,(236) 580-8844,Hiking|Skiing,Weekly,Rents,No,$300-$500,yes,N,TikTok|YouTube,Social Media,9.0,2.0,online
150,RS-90125,Ronald,Hill,69.0,Male,Eugene,Oregon,$100k-$150k,Retail Manager,2021-07-06,1953.52,16.0,Text,ronald7@icloud.com,(209) 596-3236,Trail Running|Hunting|Backpacking|Snowboarding,3+ times per week,Own,N,300-500,yes,yes,Instagram,Outdoor Magazine,5.0,3.0,Both
154,RS-23213,Mary,Brown,68.0,Male,BOZEMAN,MT,$50k-$75k,Dentist,"Jun 12, 2021",2825.92,2.0,text,mbrown@hotmail.com,(611) 842-3275,Hunting,Rarely,owns,Y,300-500,no,NO,Reddit|Pinterest|Facebook,Social Media,6.0,,ONLINE
155,RS-97023,Scott,Young,32.0,Female,Las Vegas,NV,$50k-$75k,Graphic Designer,"Nov 4, 2021",2702.7,17.0,phone call,scott_young@hotmail.com,(482) 416-4122,Hunting|Mountain Biking|Camping,3+ times per week,Own,Y,$500+,Yes,Yes,TikTok|YouTube,Google Search,5.0,2.0,in-store
156,RS-77809,Susan,Walker,59.0,Male,seattle,Wash.,$150k+,Accountant,12/21/2019,1378.3,11.0,text,walkers@hotmail.com,(592) 991-2310,Surfing|Mountain Biking|Kayaking,Daily,Rent,YES,50 to 150,Yes,NO,Instagram|None,Trade Show,1.0,3.0,in-store
157,RS-79603,Matthew,Johnson,62.0,Non-binary,Eugene,or,$50k-$75k,Personal Trainer,7/22/2020,1109.79,13.0,,johnsonm@yahoo.com,(803) 616-3768,Skiing,Rarely,Rent,Yes,<$50,Y,No,Instagram|None|Pinterest,Friend/Family Referral,7.0,3.0,In store
163,RS-76597,Jacob,Williams,19.0,Male,Las Vegas,NV,<$30k,Photographer,2017-11-15,236.15,10.0,email,jacob_williams@outlook.com,(756) 584-5150,Kayaking|Cycling,1-2x/month,OWNS,no,$50-$150,N,N,Reddit|Pinterest,Trade Show,7.0,2.0,In store
167,RS-10156,Sarah,Ramirez,52.0,Prefer not to say,Knoxville,TN,<$30k,Firefighter,07/23/2020,118.01,8.0,Email,sarah73@outlook.com,(390) 575-8231,Fishing|Mountain Biking|Surfing,3+ times per week,owns,Y,$300-$500,Yes,N,None|Pinterest|Instagram,Google Search,2.0,2.0,In store
169,RS-92203,Anna,Martin,69.0,Non-binary,Asheville,NC,$50k-$75k,Mechanic,"Dec 28, 2020",1143.09,15.0,PHONE,amartin@gmail.com,(593) 984-7850,Hunting|Cycling,1-2 times a month,owns,Sometimes,300-500,no,NO,Twitter/X|YouTube,Social Media,7.0,2.0,online
171,RS-94299,Rebecca,Hall,44.0,Female,DENVER,CO,$30k-$50k,Construction Manager,2019-11-11,1709.59,11.0,Text,rhall617@aol.com,(519) 271-7475,Skiing|Backpacking,Weekly,Owns,Sometimes,300-500,Sometimes,N,TikTok|Instagram|None,Trade Show,1.0,2.0,Online
173,RS-58060,Rachel,Lewis,48.0,,Anchorage,AK,$150k+,Data Analyst,03/04/2018,2010.69,12.0,PHONE,,(389) 696-7770,Rock Climbing,Daily,Both,no,$150-$300,Y,YES,Pinterest,Social Media,1.0,3.0,Online only
175,RS-15997,Jack,Perez,65.0,Male,Las Vegas,NV,$150k+,Architect,12/05/2018,938.98,15.0,PHONE,jack70@aol.com,(416) 274-2465,Fishing,1-2 times a month,RENTS,no,$300-$500,Y,Y,None|Pinterest|Instagram,Google Search,8.0,3.0,online
178,RS-18064,Gregory,Rivera,36.0,Female,Bozeman,MT,$100k-$150k,Plumber,03/26/2018,1391.49,4.0,e-mail,riverag@icloud.com,(895) 302-9070,Backpacking|Cycling|Rock Climbing|Hiking,3+ times per week,Owns,No,$50-$150,N,NO,Reddit|Instagram,Trade Show,7.0,5.0,Online
181,RS-28255,Jerry,Rivera,52.0,Female,Asheville,NC,$150k+,Retail Manager,2020-03-21,2165.27,11.0,e-mail,jrivera@hotmail.com,(602) 103-2090,Snowboarding|Hunting|Trail Running,Rarely,Rent,N,$300-$500,Sometimes,Yes,None|Twitter/X,Friend/Family Referral,7.0,2.0,Both
183,RS-96787,Ronald,hill,68.0,Prefer not to say,Santa Fe,nm,$50k-$75k,Pharmacist,2015-12-19,1724.07,20.0,e-mail,ronald43@yahoo.com,(443) 455-6234,Hunting,1-2 times a month,Own,Yes,$500+,No,no,Facebook|TikTok|Reddit,Friend/Family Referral,1.0,4.0,Both
188,RS-56071,Patricia,Moore,52.0,Prefer not to say,Las Vegas,NV,$75k-$100k,Graphic Designer,2/3/2023,2770.82,8.0,PHONE,,(995) 820-8392,Camping|Hiking|Backpacking|Fishing,1-2x/month,Rent,YES,$50-$150,no,yes,Twitter/X|Pinterest,Podcast,9.0,1.0,in-store
196,RS-98754,Shirley,Hill,46.0,Female,Fairbanks,AK,$50k-$75k,Teacher,2019-07-25,390.28,8.0,TEXT,shill@icloud.com,(865) 694-3215,Trail Running|Rock Climbing,Weekly,owns,Yes,$50-$150,No,No,Facebook|TikTok,In-Store Display,3.0,1.0,IN-STORE
204,RS-33627,Margaret,Thompson,26.0,Non-binary,Ogden,UT,$150k+,Construction Manager,3/6/2021,2436.68,14.0,email,mthompson780@outlook.com,(659) 339-9749,Hunting|Rock Climbing|Cycling|Backpacking,once a week,Own,no,50 to 150,no,YES,YouTube,Google Search,1.0,3.0,Online only
213,RS-36257,Jerry,Nguyen,54.0,Female,BOZEMAN,MT,<$30k,Professor,"Jun 28, 2016",645.02,8.0,email,jnguyen@yahoo.com,(650) 226-7145,Skiing|Hiking,once a week,Own,N,$300-$500,No,YES,Facebook|Instagram|None,Email Campaign,9.0,2.0,In-Store
214,RS-16285,Jonathan,johnson,70.0,Prefer not to say,Burlington,VT,$30k-$50k,Chef,2/23/2020,1858.4,4.0,Email,jonathan_johnson@yahoo.com,(433) 480-7585,Mountain Biking|Rock Climbing,Rarely,RENTS,no,$300-$500,Y,Y,Instagram|YouTube,Podcast,4.0,4.0,in-store
217,RS-86923,Catherine,White,35.0,Female,colorado springs,CO,$75k-$100k,Flight Attendant,03/13/2016,390.9,15.0,phone call,cwhite@icloud.com,(889) 191-2899,Camping|Fishing|SUP|Hiking,3-4x/month,Owns,YES,$150-$300,Y,N,None|Facebook|Reddit,Outdoor Magazine,,4.0,IN-STORE
218,RS-10183,Katherine,White,63.0,Non-binary,Eugene,OR,<$30k,Real Estate Agent,03/09/2019,2345.65,13.0,phone,kwhite221@icloud.com,(425) 432-5403,Fishing|Snowboarding|Rock Climbing|Skiing,1-2 times a month,Both,YES,$50-$150,yes,yes,TikTok|Reddit,Google Search,8.0,2.0,in-store
223,RS-60173,Stephanie,Sanchez,26.0,Prefer not to say,Boise,ID,$30k-$50k,,2017-12-16,454.8,20.0,e-mail,ssanchez575@hotmail.com,(593) 463-4698,Mountain Biking,once a week,owns,NO,$500+,yes,N,Instagram,Trade Show,2.0,1.0,Both
225,RS-72181,Sarah,thompson,23.0,Prefer not to say,Tacoma,WA,<$30k,Accountant,11/12/2015,1610.91,,Email,sthompson393@icloud.com,(376) 293-9162,Cycling|Camping,Weekly,OWNS,Sometimes,300-500,Y,yes,TikTok|Reddit|YouTube,Social Media,9.0,1.0,in-store
237,RS-70177,Jennifer,King,28.0,Female,Idaho Falls,ID,$150k+,Librarian,11/18/2023,1504.34,9.0,phone,jennifer42@yahoo.com,(468) 234-3378,Surfing|Fishing,Weekly,Both,NO,<$50,Y,No,Twitter/X|TikTok|Facebook,Online Ad,10.0,2.0,Both
240,RS-38683,Daniel,Rivera,25.0,Prefer not to say,Portland,ME,$100k-$150k,Nutritionist,2023-08-06,2527.6,16.0,phone,daniel_rivera@yahoo.com,(527) 653-2320,Skiing|Surfing,Weekly,owns,No,50 to 150,yes,N,None|YouTube|Instagram,Outdoor Magazine,7.0,5.0,Online
248,RS-42204,Jack,Martinez,66.0,Male,OGDEN,UT,,Accountant,6/12/2016,957.31,11.0,PHONE,martinezj@outlook.com,(775) 263-3490,Trail Running,3+ times per week,Both,NO,300-500,Y,Y,YouTube|Instagram|Pinterest,Google Search,2.0,2.0,IN-STORE
251,RS-28340,Ryan,Phillips,60.0,Non-binary,Boise,Idaho,$30k-$50k,Construction Manager,2/3/2019,2827.41,2.0,EMAIL,ryan36@yahoo.com,(800) 484-1971,Kayaking|Trail Running|Cycling,once a week,rents,No,300-500,No,No,Reddit|None,Google Search,10.0,2.0,Online only
253,RS-99780,Joshua,Jackson,55.0,Female,Denver,co,$30k-$50k,Doctor,09/20/2018,393.87,100.0,text,joshua67@icloud.com,(550) 276-5991,Rock Climbing,Weekly,Both,yes,$500+,No,no,Facebook,Podcast,2.0,4.0,IN-STORE
257,RS-75156,Jonathan,Scott,23.0,Prefer not to say,Portland,ME,$30k-$50k,Police Officer,2015-06-18,225.75,5.0,Text,jscott258@hotmail.com,(429) 157-3257,Skiing|Surfing,1-2x/month,RENTS,Y,<$50,Y,No,Facebook|YouTube|Twitter/X,Google Search,,1.0,online
262,RS-49893,Amy,davis,65.0,Prefer not to say,Bend,OR,$50k-$75k,,"Aug 8, 2022",1656.17,13.0,Phone,amy85@gmail.com,(854) 711-1349,Rock Climbing|Fishing|Mountain Biking,Daily,Rents,NO,$300-$500,no,no,Pinterest,Google Search,10.0,,Both
265,RS-54572,David,Walker,53.0,,Idaho Falls,ID,$150k+,Graphic Designer,12/7/2022,,13.0,TEXT,david58@icloud.com,(216) 137-6558,Skiing,3-4x/month,owns,NO,300-500,Y,yes,YouTube|Instagram|Reddit,Google Search,1.0,5.0,Online
274,RS-99712,Benjamin,Nelson,19.0,Prefer not to say,Knoxville,TN,$50k-$75k,Social Worker,2020-06-10,791.28,9.0,Email,bnelson797@gmail.com,(726) 225-1634,Trail Running|Rock Climbing|Camping|Snowboarding,3+ times per week,rents,No,300-500,No,YES,Instagram|Twitter/X|None,Email Campaign,6.0,2.0,Online
278,RS-99201,Alexander,White,49.0,Male,Tucson,AZ,,Surveyor,2019-10-17,2229.5,6.0,Text,whitea@outlook.com,(433) 635-5494,Surfing,Rarely,Rent,YES,<$50,yes,Yes,Reddit|None,Podcast,9.0,3.0,Online only
280,RS-21846,Sharon,Miller,28.0,Male,Fort Collins,CO,$100k-$150k,Chef,2016-10-28,2742.85,9.0,phone call,,(494) 793-9955,Cycling|Mountain Biking|Kayaking|Backpacking,3+ times per week,rents,YES,$500+,No,YES,Facebook|None,Podcast,10.0,3.0,Online
287,RS-60165,Debra,lewis,20.0,Female,Phoenix,AZ,$75k-$100k,Firefighter,04/21/2023,1109.38,19.0,EMAIL,dlewis@outlook.com,(230) 930-5602,Trail Running|Cycling|Mountain Biking|Rock Climbing,Weekly,Rents,yes,$300-$500,Sometimes,Yes,Reddit,Online Ad,3.0,5.0,ONLINE
290,RS-61199,Frank,Lee,,Female,billings,Montana,,,4/4/2016,1561.88,7.0,TEXT,frank30@gmail.com,(565) 431-3844,Hiking|Skiing|Rock Climbing,once a week,owns,No,$500+,Y,N,Facebook,Outdoor Magazine,10.0,1.0,Online only
292,RS-78938,Samantha,Phillips,32.0,Prefer not to say,Reno,NV,$30k-$50k,Lawyer,3/3/2023,1283.89,10.0,TEXT,sphillips@outlook.com,(996) 911-6529,Skiing|Hunting|Surfing|Hiking,3-4x/month,Rents,Sometimes,50 to 150,N,Yes,YouTube,Social Media,4.0,4.0,In-Store
311,RS-83668,Jack,Allen,64.0,Male,Knoxville,TN,<$30k,Financial Advisor,2022-01-27,934.78,8.0,TEXT,jallen459@aol.com,(831) 226-8083,Fishing,Weekly,owns,Sometimes,$300-$500,yes,NO,Twitter/X|Pinterest,Friend/Family Referral,8.0,3.0,IN-STORE
314,RS-16925,Ryan,Lopez,48.0,Female,Santa Fe,NM,$75k-$100k,Personal Trainer,12/15/2019,263.84,12.0,,,(775) 756-1966,Hiking|Mountain Biking|Fishing,once a week,Rents,No,under 50,No,YES,Instagram,Online Ad,8.0,5.0,Both
317,RS-29670,Timothy,Roberts,32.0,Prefer not to say,Concord,NH,$75k-$100k,Personal Trainer,"Apr 27, 2019",2407.07,11.0,Phone,timothy53@aol.com,(560) 673-9284,Backpacking|Snowboarding|Mountain Biking,Daily,Own,N,$300-$500,no,yes,YouTube|Reddit|None,Google Search,5.0,1.0,In-Store
321,RS-21327,william,Lopez,66.0,Male,Reno,NV,$75k-$100k,Firefighter,10/24/2022,2511.81,18.0,EMAIL,william_lopez@yahoo.com,(237) 563-4081,Hiking|Backpacking|Cycling,1-2 times a month,RENTS,Yes,under 50,N,NO,TikTok,Friend/Family Referral,9.0,5.0,Both
329,RS-18299,Ryan,Hall,31.0,Female,Boulder,Colorado,$30k-$50k,Lawyer,06/22/2021,1674.44,12.0,email,rhall337@yahoo.com,(515) 373-7846,Surfing|Hunting|Snowboarding|Rock Climbing,Weekly,RENTS,no,$300-$500,Yes,N,Twitter/X|None,Trade Show,2.0,4.0,In store
330,RS-97580,Timothy,thompson,39.0,Non-binary,Denver,CO,$100k-$150k,Dentist,08/26/2022,2090.77,16.0,text,tthompson370@outlook.com,(477) 413-5118,Cycling|Camping,Weekly,owns,yes,300-500,Sometimes,Y,YouTube,In-Store Display,3.0,5.0,Both
331,RS-52714,Timothy,Jackson,54.0,Female,Boulder,CO,$50k-$75k,Marketing Manager,11/16/2021,1993.06,3.0,e-mail,timothy65@icloud.com,(908) 528-9907,Surfing|SUP|Trail Running,3-4x/month,Rents,yes,under 50,No,Yes,Reddit|None|TikTok,Podcast,2.0,5.0,Online only
340,RS-17100,Gregory,Nelson,39.0,Male,Billings,Mont.,<$30k,Librarian,1/3/2023,680.55,13.0,,gregory55@outlook.com,(948) 902-8973,Rock Climbing|Hiking|Mountain Biking,1-2x/month,OWNS,Yes,<$50,no,NO,TikTok|Instagram|Twitter/X,Friend/Family Referral,2.0,2.0,IN-STORE
345,RS-72414,Kimberly,Torres,26.0,Female,Billings,MT,$50k-$75k,Electrician,10/11/2017,2706.27,3.0,email,kimberly_torres@aol.com,(996) 160-8761,Cycling,1-2 times a month,Own,NO,$150-$300,N,Y,None|TikTok,Email Campaign,4.0,5.0,In-Store
349,RS-58637,Elizabeth,Scott,61.0,Male,Salt Lake City,Utah,<$30k,Firefighter,2016-12-25,2126.12,11.0,EMAIL,elizabeth_scott@outlook.com,(725) 609-8635,SUP|Cycling|Rock Climbing|Hunting,1-2 times a month,RENTS,Yes,$300-$500,Y,yes,Twitter/X,Email Campaign,10.0,3.0,Both
358,RS-95466,Robert,Thomas,18.0,Male,Missoula,MT,<$30k,Veterinarian,"Jul 1, 2023",1515.08,18.0,Phone,robert93@icloud.com,(758) 771-4281,Camping|Cycling|Backpacking|Rock Climbing,once a week,Owns,No,$150-$300,Y,Y,Twitter/X,In-Store Display,7.0,2.0,ONLINE
360,RS-30461,Sarah,Moore,69.0,Prefer not to say,Bozeman,MT,$150k+,Electrician,2019-01-24,2324.16,14.0,Phone,moores@aol.com,(816) 111-7266,Cycling,Weekly,OWNS,NO,$300-$500,No,Yes,Reddit|YouTube|Twitter/X,Email Campaign,7.0,4.0,Both
362,RS-59531,Brian,Adams,51.0,Prefer not to say,Portland,Oregon,$50k-$75k,Social Worker,10/13/2017,,8.0,e-mail,badams815@outlook.com,(990) 739-9615,Hiking,Rarely,Owns,No,50 to 150,Sometimes,No,Instagram|TikTok|Pinterest,In-Store Display,3.0,4.0,In store
365,RS-19835,Dorothy,Thompson,62.0,Female,Asheville,nc,$75k-$100k,Plumber,2018-10-16,2206.05,10.0,text,thompsond@aol.com,(410) 811-2278,Hiking|Rock Climbing|Hunting|Backpacking,Daily,Own,N,$300-$500,yes,No,YouTube|Reddit,Email Campaign,6.0,3.0,In store
367,RS-24860,Deborah,Moore,70.0,Prefer not to say,Knoxville,Tennessee,$100k-$150k,Surveyor,11/14/2018,2641.98,3.0,Text,,(238) 189-2200,Trail Running|Camping|Mountain Biking,Daily,rents,N,50 to 150,yes,YES,Pinterest|Instagram,Podcast,9.0,,In-Store
371,RS-81568,Betty,Thompson,35.0,Female,CONCORD,NH,$50k-$75k,Data Analyst,8/21/2015,2183.84,19.0,PHONE,betty11@outlook.com,(392) 539-7843,Hunting|Trail Running|Hiking|Cycling,Weekly,Both,no,<$50,yes,N,YouTube|None,Podcast,7.0,5.0,in-store
373,RS-75585,Maria,Davis,63.0,Non-binary,Portland,ME,$150k+,Doctor,"Aug 16, 2023",1334.47,12.0,phone call,maria79@yahoo.com,(395) 491-7130,Rock Climbing,once a week,OWNS,NO,$300-$500,Yes,Y,Facebook|TikTok,In-Store Display,1.0,1.0,in-store
375,RS-73123,Sharon,Ramirez,63.0,Prefer not to say,Fort Collins,C.O.,,Physical Therapist,2022-08-22,1376.36,14.0,e-mail,ramirezs@gmail.com,(368) 356-7812,Fishing|Hiking|Hunting,Daily,Rent,YES,$500+,No,yes,Instagram|Reddit,Social Media,6.0,3.0,ONLINE
382,RS-38130,Carolyn,Baker,55.0,Male,Ogden,U.T.,$50k-$75k,Professor,03/07/2019,2240.8,16.0,EMAIL,cbaker500@yahoo.com,(706) 384-1988,Snowboarding,3-4x/month,RENTS,N,<$50,yes,no,TikTok,In-Store Display,2.0,3.0,Both
389,RS-20709,Joshua,Campbell,34.0,Male,Provo,UT,$30k-$50k,Project Manager,12/26/2023,2742.16,18.0,e-mail,jcampbell158@icloud.com,(951) 860-6185,Fishing|Snowboarding|Cycling|Camping,3+ times per week,rents,NO,<$50,yes,yes,None|Pinterest|Twitter/X,Friend/Family Referral,,2.0,IN-STORE
393,RS-32049,Linda,Miller,25.0,Non-binary,Anchorage,AK,,Optometrist,2017-11-24,2028.67,13.0,phone call,lmiller@gmail.com,(324) 600-9351,Kayaking|Surfing|SUP|Camping,Weekly,RENTS,YES,50 to 150,Sometimes,yes,Pinterest,Friend/Family Referral,9.0,1.0,IN-STORE
413,RS-37724,Emma,Perez,21.0,Male,Eugene,Oregon,,Geologist,12/22/2017,645.27,20.0,TEXT,emma5@hotmail.com,(735) 585-4532,Snowboarding|Hunting|Rock Climbing|Camping,Weekly,Both,YES,50 to 150,Y,Yes,Pinterest|None,Email Campaign,8.0,4.0,ONLINE
414,RS-81657,Anna,Mitchell,46.0,Male,Missoula,MT,$50k-$75k,Construction Manager,2018-12-19,969.27,3.0,e-mail,anna_mitchell@aol.com,,Surfing|Mountain Biking,Weekly,Owns,YES,under 50,No,YES,Instagram|TikTok|None,Friend/Family Referral,7.0,1.0,online
422,RS-72460,Benjamin,Miller,53.0,Non-binary,Las Vegas,NV,$100k-$150k,Geologist,2019-06-11,281.3,5.0,phone call,benjamin_miller@hotmail.com,(785) 514-2168,Rock Climbing|Cycling|SUP,Rarely,rents,N,$500+,yes,N,None|YouTube|Facebook,Google Search,3.0,3.0,In-Store
426,RS-88476,Edward,Smith,49.0,Non-binary,Billings,Mont.,<$30k,Sales Representative,03/25/2021,540.28,2.0,PHONE,esmith153@hotmail.com,(760) 528-7543,Skiing,Rarely,rents,NO,under 50,no,N,TikTok|Facebook|None,Email Campaign,10.0,3.0,Online only
427,RS-55026,Katherine,Torres,61.0,Male,Concord,NH,<$30k,Project Manager,12/10/2018,1171.79,8.0,phone,torresk@outlook.com,(573) 644-4864,Rock Climbing|Hiking|Surfing,Daily,Rents,No,under 50,N,NO,Instagram|TikTok,In-Store Display,8.0,4.0,in-store
428,RS-95890,karen,King,57.0,Prefer not to say,Tacoma,Wash.,$150k+,Consultant,2016-04-01,,9.0,TEXT,karen20@yahoo.com,(641) 620-6467,Cycling|Camping|Hiking,3+ times per week,RENTS,yes,$500+,No,YES,Twitter/X,Email Campaign,9.0,1.0,online
429,RS-21535,Jeffrey,Taylor,53.0,Non-binary,Boulder,CO,$50k-$75k,HR Manager,2018-03-11,637.01,20.0,Email,jeffrey51@hotmail.com,(249) 951-9657,Hiking|Mountain Biking|Skiing,1-2x/month,Rent,Y,300-500,Sometimes,N,Facebook|Pinterest|Instagram,Friend/Family Referral,2.0,5.0,In-Store
432,RS-31641,Pamela,Brown,,Female,Chattanooga,TN,<$30k,Construction Manager,"Dec 14, 2015",2855.06,17.0,Email,brownp@aol.com,(982) 636-4687,Hunting|Fishing|Trail Running,1-2 times a month,Owns,N,300-500,yes,yes,Facebook|TikTok,Outdoor Magazine,2.0,4.0,in-store
435,RS-70435,Dorothy,Thompson,62.0,Female,Asheville,nc,$75k-$100k,Plumber,2018-10-16,2206.05,10.0,text,thompsond@aol.com,(410) 811-2278,Hiking|Rock Climbing|Hunting|Backpacking,Daily,Own,N,$300-$500,yes,No,YouTube|Reddit,Email Campaign,6.0,3.0,In store
436,RS-23875,JACK,Martinez,18.0,Male,Colorado Springs,CO,$75k-$100k,Librarian,2015-09-06,2012.21,12.0,text,jack_martinez@icloud.com,(695) 238-7208,Cycling,Weekly,Rents,NO,300-500,yes,no,Facebook|YouTube|Instagram,Email Campaign,8.0,4.0,Both
437,RS-12185,Kevin,Hall,55.0,Non-binary,Portland,me,<$30k,Nutritionist,2019-02-06,2081.71,1.0,TEXT,kevin_hall@hotmail.com,(913) 188-8585,Fishing,3-4x/month,Both,Y,<$50,N,yes,YouTube,Online Ad,4.0,2.0,Both
444,RS-28664,Emily,Robinson,,Female,Missoula,MT,$30k-$50k,Chef,1/27/2016,377.36,8.0,text,erobinson912@icloud.com,(928) 166-2941,SUP|Rock Climbing,Daily,Rent,N,under 50,Sometimes,YES,YouTube|Instagram|Twitter/X,Outdoor Magazine,5.0,3.0,online
447,RS-73748,Dorothy,Thompson,53.0,Female,Burlington,VT,$75k-$100k,Plumber,09/02/2016,655.89,15.0,PHONE,dthompson@yahoo.com,(542) 938-3257,Snowboarding|Skiing,1-2x/month,owns,YES,under 50,Sometimes,yes,Twitter/X,Online Ad,7.0,2.0,Both
453,RS-77149,Pamela,Jones,48.0,Female,Portland,ME,<$30k,Police Officer,2016-06-10,646.78,20.0,EMAIL,pjones253@gmail.com,(658) 971-6198,Hunting|Fishing|Surfing,3-4x/month,rents,No,<$50,N,N,,Podcast,2.0,5.0,In store
472,RS-47083,Dorothy,Green,45.0,Non-binary,Knoxville,TN,$75k-$100k,,2018-03-02,1337.47,2.0,TEXT,dorothy93@gmail.com,(326) 457-2533,Fishing|Hunting|Surfing,Rarely,owns,Yes,$150-$300,yes,No,,Friend/Family Referral,1.0,1.0,IN-STORE
473,RS-97392,Brandon,Young,-1.0,,Portland,ME,$150k+,Chef,9/5/2016,2454.88,12.0,PHONE,youngb@outlook.com,(282) 769-1519,Skiing|Trail Running|Snowboarding|Hiking,1-2x/month,Both,No,300-500,N,YES,Pinterest|Twitter/X|Instagram,Email Campaign,4.0,5.0,In store
478,RS-13442,Elizabeth,White,42.0,,Jackson,WY,$30k-$50k,Lawyer,"Mar 9, 2017",543.26,3.0,email,elizabeth79@icloud.com,(309) 238-5991,Cycling|Mountain Biking|Skiing|Hunting,once a week,OWNS,N,$150-$300,Sometimes,N,YouTube|None|TikTok,Google Search,6.0,4.0,online
484,RS-74108,Jack,Flores,31.0,Non-binary,chattanooga,TN,$75k-$100k,Electrician,"Feb 14, 2019",1968.78,1.0,phone,jack_flores@gmail.com,(454) 281-1151,Fishing|Surfing,once a week,Owns,Yes,$300-$500,N,Y,Reddit|None,Google Search,3.0,2.0,Both
485,RS-61177,Jacob,Williams,19.0,Male,Las Vegas,NV,<$30k,Photographer,2017-11-15,236.15,10.0,email,jacob_williams@outlook.com,(756) 584-5150,Kayaking|Cycling,1-2x/month,OWNS,no,$50-$150,N,N,Reddit|Pinterest,Trade Show,7.0,2.0,In store
487,RS-90769,JEFFREY,Green,66.0,Male,Portland,OR,$50k-$75k,,2016-05-15,1637.12,9.0,e-mail,greenj@aol.com,(218) 485-9631,Hiking|Kayaking,Daily,rents,Yes,300-500,Y,Yes,Reddit,In-Store Display,6.0,1.0,in-store
489,RS-87415,Jonathan,Phillips,52.0,Male,Seattle,WA,$150k+,Professor,9/10/2019,2546.1,3.0,phone,jphillips478@icloud.com,(969) 136-8231,Rock Climbing|Trail Running,3+ times per week,Own,N,300-500,No,yes,,In-Store Display,2.0,1.0,In store
496,RS-50563,Janet,Johnson,24.0,Male,Asheville,NC,<$30k,Pharmacist,11/13/2022,1919.85,8.0,phone,jjohnson@aol.com,(200) 184-3215,SUP|Hunting|Mountain Biking,1-2 times a month,Owns,Yes,$150-$300,N,YES,Instagram|None|TikTok,Friend/Family Referral,3.0,3.0,in-store
497,RS-54744,Paul,Williams,47.0,Female,Knoxville,TN,$100k-$150k,Social Worker,2022-12-14,2321.34,9.0,text,paul_williams@outlook.com,(303) 830-8955,Rock Climbing|Mountain Biking|Skiing|Backpacking,Rarely,Rents,YES,50 to 150,no,YES,Facebook,Friend/Family Referral,2.0,2.0,ONLINE
498,RS-82512,Mary,Hall,35.0,Non-binary,Portland,Oregon,$50k-$75k,Chef,11/10/2016,1641.17,1.0,PHONE,,(514) 345-1949,Camping,once a week,Rents,NO,$150-$300,No,NO,TikTok|None|Twitter/X,Podcast,9.0,2.0,in-store
509,RS-86917,Donald,Taylor,39.0,Male,Eugene,Oregon,$75k-$100k,Pharmacist,2/21/2015,2813.17,6.0,Email,donald24@hotmail.com,(496) 997-1613,Cycling,Rarely,Own,NO,300-500,No,NO,YouTube|Reddit,Friend/Family Referral,8.0,2.0,Online
513,RS-51738,Edward,Johnson,65.0,,Concord,NH,$75k-$100k,Accountant,4/13/2022,,5.0,Text,edward_johnson@outlook.com,(288) 502-6997,Trail Running|Snowboarding|Camping,Rarely,RENTS,Sometimes,$50-$150,no,yes,TikTok,Online Ad,8.0,1.0,Online only
